{
  "intents": [
    {
      "intent": "AddPlayerIntent",
      "slots": [
        {
          "name": "PlayerName",
          "type": "LIST_OF_PLAYER_NAMES"
        }
      ]
    },
    {
      "intent": "AddScoreIntent",
      "slots": [
        {
          "name": "PlayerName",
          "type": "LIST_OF_PLAYER_NAMES"
        },
        {
          "name": "ScoreNumber",
          "type": "AMAZON.NUMBER"
        }
      ]
    },
    {
      "intent": "ResetPlayersIntent",
      "slots": []
    },
    {
      "intent": "NewGameIntent",
      "slots": []
    },
    {
      "intent": "HelpIntent",
      "slots": []
    },
    {
      "intent": "ExitIntent",
      "slots": []
    },
    {
      "intent": "TellScoresIntent",
      "slots": []
    }
  ]
}
