{
  "intents": [
    {
      "intent": "OneshotTideIntent",
      "slots": [
        {
          "name": "City",
          "type": "LIST_OF_CITIES"
        },
        {
          "name": "State",
          "type": "LIST_OF_STATES"
        },
        {
          "name": "Date",
          "type": "AMAZON.DATE"
        }
      ]
    },
    {
      "intent": "DialogTideIntent",
      "slots": [
        {
          "name": "City",
          "type": "LIST_OF_CITIES"
        },
        {
          "name": "State",
          "type": "LIST_OF_STATES"
        },
        {
          "name": "Date",
          "type": "AMAZON.DATE"
        }
      ]
    },
    {
      "intent": "SupportedCitiesIntent",
      "slots": [ ]
    },
    {
      "intent": "HelpIntent",
      "slots": [ ]
    },
    {
      "intent": "FinishIntent",
      "slots": [ ]
    }
  ]
}
